,freq,ngrams
0,72106,chcę
1,72025,było
2,43026,będę
3,42628,była
4,36219,czas
5,35302,chce
6,33482,albo
7,33040,boże
8,30440,czym
9,20960,cały
10,15835,będą
11,13214,były
12,11847,broń
13,11625,bądź
14,9757,całe
15,9609,całą
16,9377,byli
17,9259,chcą
18,6948,brat
19,6644,cała
20,6230,boga
21,4957,brak
22,4703,choć
23,4631,boję
24,4572,błąd
25,4556,boli
26,4430,czyż
27,3986,daje
28,3643,bogu
29,3440,ależ
30,3254,buty
31,2964,abyś
32,2958,alex
33,2930,celu
34,2923,atak
35,2579,brać
36,2526,bill
37,2433,dala
38,2285,czuć
39,2139,abym
40,1970,daję
41,1940,dała
42,1940,bank
43,1888,andy
44,1883,bólu
45,1868,come
46,1796,adam
47,1776,auto
48,1718,cenę
49,1711,akta
50,1597,alan
51,1533,auta
52,1520,amen
53,1498,city
54,1478,abby
55,1334,boku
56,1315,dali
57,1313,bazy
58,1286,baby
59,1256,byle
60,1241,anna
61,1234,dają
62,1216,carl
63,1213,czek
64,1204,beze
65,1203,celi
66,1174,back
67,1128,baru
68,1102,czuł
69,1100,dach
70,1051,bawi
71,1003,cena
72,960,bije
73,910,dało
74,910,brad
75,909,chan
76,898,bani
77,886,boją
78,880,ciał
79,880,clay
80,872,anne
81,857,cole
82,848,beth
83,828,brał
84,817,bywa
85,811,będe
86,741,cele
87,732,dale
88,730,chin
89,727,ceny
90,715,been
91,709,baza
92,706,cień
93,701,cios
94,673,blue
95,668,dama
96,660,chuj
97,657,balu
98,652,anno
99,635,cali
100,596,away
101,576,bush
102,571,cuda
103,559,alfa
104,559,czyj
105,551,chęć
106,549,bieg
107,529,bylo
108,516,call
109,510,bena
110,509,ajay
111,497,chip
112,497,bond
113,497,buck
114,496,baba
115,496,cody
116,493,cool
117,485,club
118,484,bazę
119,479,chen
120,474,aids
121,469,byłą
122,454,boba
123,453,bang
124,445,biec
125,434,cyrk
126,431,ciąg
127,414,bóle
128,378,blok
129,377,cynk
130,300,bunt
131,245,czar
132,231,chow
133,231,cykl
134,230,aktu
135,228,brwi
136,228,afro
137,228,chór
138,215,brud
139,209,czyn
140,189,alei
141,179,boks
142,178,azyl
143,170,cela
144,167,ćpun
145,164,cech
146,139,boki
147,136,akty
148,111,cent
149,110,bary
150,110,cudo
151,109,bela
152,104,buda
153,94,czad
154,91,bóbr
155,86,arka
156,86,bark
157,85,aura
158,82,baty
159,78,blog
160,69,apel
161,67,azot
162,66,bicz
163,66,chód
164,61,bruk
165,58,byki
166,58,atut
167,57,alba
168,56,bala
169,51,atom
170,50,aria
171,49,amor
172,43,boja
173,43,asia
174,43,anya
175,43,acme
176,42,bose
177,42,cubs
178,42,auli
179,42,bożę
180,42,budd
181,42,chia
182,42,abla
183,42,abys
184,42,baja
185,42,bitą
186,41,bick
187,41,biii
188,41,brąz
189,41,bród
190,41,amis
191,41,chau
192,40,base
193,40,aian
194,40,ćwok
195,40,bila
196,40,cuba
197,40,bess
198,39,byam
199,39,ciej
200,39,amit
201,39,byii
202,39,byrd
203,39,cath
204,39,coup
205,39,caro
206,39,alfę
207,38,boźe
208,38,brew
209,37,aida
210,37,creo
211,37,argh
212,37,arav
213,37,arta
214,37,arts
215,37,biko
216,37,biły
217,37,ciął
218,36,barn
219,36,buga
220,36,anju
221,36,cera
222,36,arce
223,36,chev
224,35,alez
225,35,ambi
226,35,core
227,35,biga
228,35,aber
229,35,algo
230,34,chef
231,34,alle
232,34,bały
233,34,buns
234,34,cene
235,34,crap
236,34,alva
237,34,chej
238,34,cooo
239,33,bony
240,33,bozz
241,33,alem
242,33,bosa
243,33,daar
244,33,bros
245,32,cóż…
246,32,anka
247,32,ajax
248,32,bols
249,32,cops
250,32,cats
251,31,corn
252,31,avon
253,31,choc
254,31,atio
255,30,ańos
256,30,aoki
257,30,alpy
258,30,bleu
259,30,bare
260,30,copy
261,30,arty
262,30,bugs
263,30,biji
264,30,coal
265,30,alli
266,30,dace
267,30,atty
268,30,coby
269,30,atta
270,29,cwel
271,29,anal
272,29,avec
273,29,bana
274,29,bito
275,29,coke
276,28,cake
277,28,aziz
278,28,beam
279,28,aież
280,28,alim
281,28,appa
282,28,bzyk
283,28,bucu
284,28,bunk
285,28,brux
286,27,binx
287,27,akai
288,27,beli
289,27,boby
290,27,calf
291,27,chae
292,27,chee
293,27,bope
294,27,czip
295,27,bred
296,27,bray
297,27,chui
298,27,cork
299,27,cujo
300,26,amfę
301,26,amfy
302,26,chew
303,26,barr
304,26,daly
305,26,baśń
306,25,aude
307,25,cece
308,25,boii
309,25,cave
310,25,alta
311,25,baal
312,25,clue
313,25,adso
314,25,anie
315,25,arma
316,25,claw
317,25,alfą
318,24,bóże
319,24,arcy
320,24,cisi
321,24,amer
322,24,azję
323,24,cant
324,24,cute
325,24,bilę
326,24,ches
327,24,coon
328,24,aden
329,24,anjo
330,24,beni
331,23,almo
332,23,bule
333,23,chol
334,23,ćśśś
335,23,bibi
336,23,auch
337,23,benz
338,23,busz
339,23,baht
340,22,baum
341,22,beit
342,22,ceii
343,22,cyca
344,22,czub
345,22,czuc
346,22,assi
347,22,coat
348,22,copa
349,22,adhd
350,22,ankh
351,22,arif
352,22,asap
353,22,berm
354,22,bolo
355,22,chap
356,22,bars
357,22,biyi
358,22,ćpał
359,22,aiko
360,22,boya
361,22,bras
362,21,alia
363,21,alka
364,21,bust
365,21,aizu
366,21,beep
367,21,bici
368,21,brit
369,21,ahoy
370,21,bold
371,21,boyz
372,21,ahab
373,21,arse
374,21,acid
375,21,baek
376,21,bets
377,21,arte
378,21,arun
379,21,chie
380,21,bump
381,20,cuzz
382,20,alds
383,20,assa
384,20,baia
385,20,anda
386,20,basy
387,20,brie
388,20,brow
389,20,buch
390,20,buum
391,20,ćwir
392,20,dado
393,19,agry
394,19,anma
395,19,cost
396,19,abba
397,19,aksa
398,19,bryn
399,19,ajae
400,19,alby
401,19,arim
402,19,asby
403,19,awol
404,19,brac
405,19,clip
406,19,auuu
407,19,cctv
408,19,aces
409,19,basi
410,19,cieć
411,19,cabe
412,19,beki
413,19,beto
414,19,cerą
415,19,celą
416,19,bunu
417,18,daga
418,18,amin
419,18,daja
420,18,aung
421,18,biao
422,18,ciul
423,18,blad
424,18,božo
425,18,bura
426,18,coda
427,18,azad
428,18,conn
429,18,cunt
430,18,ćpam
431,18,daan
432,18,brom
433,17,caye
434,17,boza
435,17,aith
436,17,abhi
437,17,bari
438,17,blat
439,17,cumy
440,17,abbe
441,17,aslo
442,17,budą
443,17,czat
444,17,bees
445,17,bist
446,17,ahwl
447,17,buen
448,17,aiex
449,17,badi
450,17,boji
451,17,coll
452,17,cydr
453,17,colm
454,16,bast
455,16,czsu
456,16,capi
457,16,dabo
458,16,dadu
459,16,daha
460,16,aleź
461,16,abdu
462,16,allo
463,16,bags
464,16,braw
465,16,byce
466,16,cern
467,16,alla
468,16,becz
469,16,biba
470,16,blix
471,16,brea
472,16,bosy
473,16,bork
474,16,cart
475,16,arką
476,16,aone
477,16,coie
478,16,cray
479,16,anni
480,16,cmok
481,16,anti
482,16,azul
483,16,cici
484,15,daae
485,15,buon
486,15,calą
487,15,ardo
488,15,boof
489,15,anan
490,15,ashy
491,15,cort
492,15,bato
493,15,banu
494,15,córa
495,15,ages
496,15,allí
497,15,anja
498,15,ante
499,15,baas
500,15,cery
501,15,alda
502,15,alek
503,14,anke
504,14,czaj
505,14,agua
506,14,aika
507,14,avie
508,14,azor
509,14,bald
510,14,cast
511,14,bama
512,14,ceil
513,14,ciem
514,14,anię
515,14,belg
516,14,brrr
517,14,clam
518,14,atos
519,14,comb
520,14,alot
521,14,arii
522,14,azją
523,14,acka
524,14,buuu
525,14,blox
526,14,bolu
527,14,bele
528,14,bona
529,13,ajak
530,13,axla
531,13,aviv
532,13,bija
533,13,amal
534,13,bema
535,13,bigg
536,13,całę
537,13,adil
538,13,algi
539,13,ciro
540,13,cypr
541,13,amba
542,13,bład
543,13,caps
544,13,ambu
545,13,dabu
546,13,bard
547,13,boni
548,13,byie
549,13,ciąż
550,13,czul
551,12,chon
552,12,arna
553,12,bacz
554,12,bilt
555,12,aker
556,12,bore
557,12,cing
558,12,dahm
559,12,blob
560,12,błon
561,12,bonn
562,12,boxa
563,12,bran
564,12,almy
565,12,arię
566,12,caos
567,12,cato
568,12,akra
569,12,brub
570,12,abra
571,12,amfa
572,12,appu
573,12,azin
574,12,bało
575,12,bież
576,12,broy
577,12,cuch
578,12,cycu
579,12,aage
580,12,belt
581,12,carę
582,12,corę
583,11,beza
584,11,caco
585,11,bake
586,11,chuć
587,11,cord
588,11,cult
589,11,cumę
590,11,acth
591,11,benn
592,11,buca
593,11,agdo
594,11,ak47
595,11,alai
596,11,ayah
597,11,beav
598,11,bubu
599,11,chis
600,11,atol
601,11,beia
602,11,brez
603,11,buff
604,11,aime
605,11,anus
606,11,anyi
607,11,atia
608,11,auty
609,11,bety
610,11,bodi
611,11,amok
612,11,ćpaj
613,11,bova
614,11,cohn
615,11,boon
616,11,czy…
617,11,anđa
618,10,apex
619,10,ashe
620,10,alis
621,10,bilu
622,10,abro
623,10,baki
624,10,clap
625,10,coin
626,10,daie
627,10,bahn
628,10,coma
629,10,cong
630,10,aidy
631,10,ajab
632,10,amee
633,10,beek
634,10,blee
635,10,boil
636,10,calo
637,10,casi
638,10,cońo
639,10,coto
640,10,abin
641,10,asma
642,10,brut
643,10,chem
644,10,chex
645,10,czmu
646,10,bląd
647,10,brum
648,10,cada
649,10,aahh
650,10,atif
651,10,ablu
652,10,crue
653,10,achh
654,9,avis
655,9,alej
656,9,aloo
657,9,cigs
658,9,cyon
659,9,ap47
660,9,atim
661,9,blom
662,9,blum
663,9,culp
664,9,ashę
665,9,aśka
666,9,baji
667,9,bein
668,9,caan
669,9,camy
670,9,abuk
671,9,auhu
672,9,axis
673,9,azra
674,9,baha
675,9,cuss
676,9,cuts
677,9,abdi
678,9,aclu
679,9,atsu
680,9,bako
681,9,bezy
682,9,broz
683,9,buła
684,9,cowi
685,9,cómo
686,9,aigo
687,9,amem
688,9,amie
689,9,basu
690,9,bina
691,9,chdź
692,9,daia
693,9,arau
694,9,arie
695,9,baer
696,9,bibę
697,9,bzik
698,9,banh
699,9,bash
700,9,bris
701,9,adex
702,9,bano
703,9,blak
704,9,buco
705,9,codź
706,8,córy
707,8,bosz
708,8,boug
709,8,buna
710,8,burd
711,8,bury
712,8,ceti
713,8,coot
714,8,autu
715,8,blew
716,8,być…
717,8,byty
718,8,airk
719,8,awdy
720,8,bits
721,8,blip
722,8,bryk
723,8,bzzz
724,8,babć
725,8,bmgm
726,8,coty
727,8,cups
728,8,alas
729,8,apii
730,8,ażil
731,8,boty
732,8,ceść
733,8,cię…
734,8,aksu
735,8,bilo
736,8,bind
737,8,boru
738,8,arai
739,8,bożo
740,8,caso
741,8,cero
742,8,chor
743,8,clun
744,8,ctrl
745,8,baga
746,8,beee
747,8,beja
748,8,cloy
749,8,crom
750,8,arng
751,8,baro
752,8,bios
753,8,celo
754,8,croc
755,8,atma
756,8,bajo
757,8,aska
758,8,aubs
759,8,arby
760,7,biki
761,7,boop
762,7,béla
763,7,blub
764,7,botz
765,7,bulę
766,7,carp
767,7,cyny
768,7,bota
769,7,bóli
770,7,chci
771,7,colb
772,7,czau
773,7,ammy
774,7,bian
775,7,cori
776,7,cuza
777,7,amfą
778,7,anbu
779,7,ashu
780,7,bitu
781,7,bory
782,7,bror
783,7,bulu
784,7,ceiu
785,7,chuo
786,7,clsy
787,7,cyna
788,7,acts
789,7,arno
790,7,caid
791,7,caju
792,7,dahn
793,7,akio
794,7,ameh
795,7,ashą
796,7,barf
797,7,buce
798,7,alko
799,7,alvę
800,7,awww
801,7,bedi
802,7,ceci
803,7,comi
804,7,cryo
805,7,adds
806,7,aero
807,7,ayer
808,7,ayla
809,7,baan
810,7,baez
811,7,cama
812,7,bait
813,7,caca
814,7,bane
815,7,anią
816,6,aurą
817,6,batu
818,6,azer
819,6,baka
820,6,buka
821,6,buys
822,6,byul
823,6,ciar
824,6,avez
825,6,axxo
826,6,beal
827,6,bike
828,6,buły
829,6,chil
830,6,coki
831,6,cony
832,6,corą
833,6,cudy
834,6,azam
835,6,belę
836,6,berd
837,6,bish
838,6,bled
839,6,blop
840,6,bugz
841,6,buku
842,6,cabs
843,6,chuy
844,6,cien
845,6,cuff
846,6,acko
847,6,adie
848,6,bacy
849,6,bryg
850,6,buło
851,6,cana
852,6,chim
853,6,cnbc
854,6,crop
855,6,crüe
856,6,dalo
857,6,abso
858,6,agha
859,6,ahaa
860,6,akry
861,6,bide
862,6,buli
863,6,bulś
864,6,chyb
865,6,ciel
866,6,cine
867,6,coya
868,6,cush
869,6,abou
870,6,achy
871,6,afra
872,6,aikę
873,6,alty
874,6,amma
875,6,asdf
876,6,baii
877,6,baio
878,6,behm
879,6,bodo
880,6,buri
881,6,chów
882,6,cizi
883,6,cone
884,6,cote
885,6,cwał
886,6,absu
887,6,almę
888,6,apec
889,6,asao
890,6,auld
891,6,beke
892,6,bogi
893,6,bola
894,6,coro
895,6,cree
896,6,czyź
897,6,adon
898,6,ahoi
899,6,ario
900,6,auda
901,6,bełt
902,6,dais
903,6,algy
904,6,arti
905,6,cire
906,6,czop
907,6,agra
908,6,asok
909,6,afer
910,6,btdm
911,6,czyi
912,6,betę
913,6,dago
914,6,cura
915,5,czył
916,5,adem
917,5,afar
918,5,chek
919,5,circ
920,5,cyka
921,5,aldy
922,5,alvy
923,5,appę
924,5,biby
925,5,blur
926,5,blut
927,5,blvd
928,5,bobu
929,5,crip
930,5,crux
931,5,daba
932,5,dadi
933,5,dags
934,5,adit
935,5,altý
936,5,anil
937,5,anką
938,5,arya
939,5,bain
940,5,batt
941,5,bbc2
942,5,bett
943,5,bezp
944,5,bibs
945,5,bisy
946,5,bobb
947,5,brag
948,5,bral
949,5,c3po
950,5,ciup
951,5,crps
952,5,czyt
953,5,ants
954,5,bayu
955,5,bocz
956,5,bucs
957,5,bufu
958,5,celt
959,5,choź
960,5,chub
961,5,cofi
962,5,córę
963,5,córo
964,5,daaa
965,5,ach…
966,5,agar
967,5,atre
968,5,awin
969,5,bądą
970,5,beya
971,5,bitw
972,5,bomo
973,5,bows
974,5,bóiu
975,5,butę
976,5,czep
977,5,amio
978,5,anky
979,5,bufo
980,5,chec
981,5,coś…
982,5,crak
983,5,ahot
984,5,aint
985,5,aula
986,5,awoo
987,5,bhim
988,5,bogy
989,5,buki
990,5,cata
991,5,blon
992,5,agda
993,5,aiii
994,5,akia
995,5,beig
996,5,beng
997,5,berk
998,5,bink
999,4,aiki
1000,4,ajda
1001,4,baya
1002,4,chug
1003,4,ajjj
1004,4,beżu
1005,4,chue
1006,4,chwi
1007,4,czka
1008,4,czte
1009,4,abbu
1010,4,ache
1011,4,alam
1012,4,amur
1013,4,ashi
1014,4,atię
1015,4,b600
1016,4,bowi
1017,4,bucz
1018,4,budi
1019,4,buto
1020,4,caen
1021,4,caii
1022,4,cepa
1023,4,ceth
1024,4,coil
1025,4,cope
1026,4,cśśś
1027,4,daer
1028,4,dake
1029,4,acea
1030,4,aeya
1031,4,aire
1032,4,amet
1033,4,baju
1034,4,bats
1035,4,bawk
1036,4,bejt
1037,4,beko
1038,4,bogą
1039,4,boma
1040,4,booo
1041,4,bugu
1042,4,bumi
1043,4,bumm
1044,4,byłó
1045,4,cęgi
1046,4,chut
1047,4,clik
1048,4,crus
1049,4,abex
1050,4,abey
1051,4,adis
1052,4,akha
1053,4,alde
1054,4,alon
1055,4,anas
1056,4,arou
1057,4,asks
1058,4,baje
1059,4,beca
1060,4,bekę
1061,4,bhua
1062,4,brnę
1063,4,bubb
1064,4,buru
1065,4,cedr
1066,4,chój
1067,4,ciim
1068,4,cira
1069,4,clos
1070,4,clus
1071,4,cooi
1072,4,coxy
1073,4,czło
1074,4,aaał
1075,4,abie
1076,4,abul
1077,4,alfe
1078,4,almą
1079,4,arks
1080,4,asun
1081,4,attf
1082,4,axlu
1083,4,ayyo
1084,4,bisu
1085,4,blas
1086,4,bode
1087,4,byłu
1088,4,chok
1089,4,cite
1090,4,clit
1091,4,czuy
1092,4,dads
1093,4,daii
1094,4,agah
1095,4,agat
1096,4,aidę
1097,4,akki
1098,4,amex
1099,4,anew
1100,4,apap
1101,4,arią
1102,4,asta
1103,4,atmy
1104,4,basr
1105,4,becc
1106,4,blam
1107,4,blus
1108,4,boan
1109,4,bobi
1110,4,burę
1111,4,był…
1112,4,capt
1113,4,ceel
1114,4,chęc
1115,4,choy
1116,4,aagh
1117,4,alca
1118,4,amia
1119,4,apso
1120,4,będź
1121,4,biro
1122,4,bluz
1123,4,cich
1124,4,coun
1125,4,culo
1126,4,alii
1127,4,belą
1128,4,biza
1129,4,crib
1130,4,bixy
1131,4,cinq
1132,4,anup
1133,3,agos
1134,3,andu
1135,3,chum
1136,3,coen
1137,3,cows
1138,3,akim
1139,3,ales
1140,3,amah
1141,3,anfo
1142,3,arre
1143,3,ażdo
1144,3,bayo
1145,3,chal
1146,3,ciag
1147,3,cuma
1148,3,czer
1149,3,addi
1150,3,agro
1151,3,amas
1152,3,aulę
1153,3,aveo
1154,3,awda
1155,3,beds
1156,3,beti
1157,3,bico
1158,3,bigo
1159,3,biti
1160,3,bomp
1161,3,boro
1162,3,bóžo
1163,3,brył
1164,3,buds
1165,3,bums
1166,3,bund
1167,3,bure
1168,3,burg
1169,3,cahn
1170,3,curl
1171,3,cusí
1172,3,czgo
1173,3,dagu
1174,3,ahan
1175,3,akce
1176,3,anca
1177,3,anyż
1178,3,arów
1179,3,arto
1180,3,avac
1181,3,avim
1182,3,awiw
1183,3,ayan
1184,3,baci
1185,3,bajt
1186,3,borę
1187,3,bóie
1188,3,brko
1189,3,brot
1190,3,brze
1191,3,bung
1192,3,bzów
1193,3,bzur
1194,3,carb
1195,3,casu
1196,3,chmm
1197,3,comy
1198,3,cukk
1199,3,daft
1200,3,dait
1201,3,a’la
1202,3,abre
1203,3,aeon
1204,3,ahna
1205,3,aiku
1206,3,aimé
1207,3,alib
1208,3,alig
1209,3,anos
1210,3,anse
1211,3,apua
1212,3,arbo
1213,3,askę
1214,3,ayný
1215,3,azna
1216,3,baam
1217,3,bady
1218,3,balę
1219,3,bier
1220,3,bika
1221,3,bleh
1222,3,bosh
1223,3,brną
1224,3,brod
1225,3,brun
1226,3,buts
1227,3,cdma
1228,3,chwa
1229,3,codi
1230,3,coid
1231,3,cosi
1232,3,córą
1233,3,cuje
1234,3,cżyż
1235,3,adaś
1236,3,aleš
1237,3,amén
1238,3,anję
1239,3,anko
1240,3,anon
1241,3,anza
1242,3,aryę
1243,3,arzt
1244,3,asif
1245,3,atii
1246,3,bára
1247,3,bazz
1248,3,begs
1249,3,bigs
1250,3,birt
1251,3,biue
1252,3,blot
1253,3,bohr
1254,3,bosę
1255,3,boyu
1256,3,budo
1257,3,byĺ‚
1258,3,byłi
1259,3,cię”
1260,3,cito
1261,3,coad
1262,3,czen
1263,3,abbi
1264,3,acdc
1265,3,aito
1266,3,alal
1267,3,alef
1268,3,alpo
1269,3,ankę
1270,3,aqum
1271,3,asti
1272,3,azim
1273,3,baco
1274,3,badr
1275,3,bejk
1276,3,bigu
1277,3,blen
1278,3,blll
1279,3,bosą
1280,3,bugi
1281,3,buhl
1282,3,buwa
1283,3,cayo
1284,3,cąły
1285,3,chla
1286,3,choe
1287,3,cott
1288,3,cześ
1289,3,daei
1290,3,aale
1291,3,arev
1292,3,bebé
1293,3,bidi
1294,3,bily
1295,3,biok
1296,3,bise
1297,3,bróń
1298,3,buad
1299,3,chii
1300,3,cmfu
1301,3,csak
1302,3,ades
1303,3,adia
1304,3,bagg
1305,3,bamm
1306,3,blye
1307,3,bmoc
1308,3,buką
1309,3,caya
1310,3,chih
1311,3,czou
1312,3,dady
1313,3,anmo
1314,3,baaa
1315,3,baks
1316,3,cftc
1317,3,chod
1318,3,citi
1319,3,aznę
1320,3,basf
1321,2,daci
1322,2,comu
1323,2,cual
1324,2,akka
1325,2,atiu
1326,2,coch
1327,2,colo
1328,2,ct10
1329,2,dack
1330,2,abcd
1331,2,aiia
1332,2,akin
1333,2,al’a
1334,2,allé
1335,2,auth
1336,2,barq
1337,2,belo
1338,2,blij
1339,2,ccny
1340,2,chro
1341,2,cież
1342,2,cisy
1343,2,cnot
1344,2,cntv
1345,2,crei
1346,2,cyst
1347,2,czół
1348,2,dail
1349,2,daki
1350,2,a113
1351,2,a221
1352,2,abrę
1353,2,aidą
1354,2,aiee
1355,2,ajit
1356,2,albę
1357,2,aldý
1358,2,alph
1359,2,alwo
1360,2,atah
1361,2,atmą
1362,2,aton
1363,2,bazý
1364,2,beką
1365,2,belu
1366,2,bild
1367,2,bilf
1368,2,blac
1369,2,bogo
1370,2,boob
1371,2,boxu
1372,2,caba
1373,2,carv
1374,2,ceux
1375,2,cezu
1376,2,chic
1377,2,cioć
1378,2,clar
1379,2,clic
1380,2,cnb4
1381,2,comp
1382,2,cyan
1383,2,czay
1384,2,czaz
1385,2,dabi
1386,2,dahs
1387,2,abay
1388,2,abry
1389,2,acho
1390,2,adeg
1391,2,agon
1392,2,aife
1393,2,aiką
1394,2,aina
1395,2,airs
1396,2,ajaj
1397,2,ajna
1398,2,akee
1399,2,alen
1400,2,ałłł
1401,2,anki
1402,2,anyę
1403,2,apep
1404,2,asab
1405,2,atsd
1406,2,avcr
1407,2,ażji
1408,2,baca
1409,2,baly
1410,2,bao…
1411,2,bauł
1412,2,beez
1413,2,bexy
1414,2,bezą
1415,2,birk
1416,2,boaz
1417,2,bojo
1418,2,bole
1419,2,bori
1420,2,bote
1421,2,bove
1422,2,bóga
1423,2,bpcm
1424,2,brae
1425,2,buba
1426,2,bubą
1427,2,bukę
1428,2,byun
1429,2,carą
1430,2,cągu
1431,2,cbgb
1432,2,ceno
1433,2,chba
1434,2,ciap
1435,2,cioł
1436,2,cirą
1437,2,clia
1438,2,clty
1439,2,cłem
1440,2,cnej
1441,2,cobo
1442,2,cona
1443,2,copd
1444,2,coś”
1445,2,cota
1446,2,crag
1447,2,cran
1448,2,curr
1449,2,cyba
1450,2,daji
1451,2,a622
1452,2,abal
1453,2,aban
1454,2,ablo
1455,2,aby…
1456,2,agęt
1457,2,aha…
1458,2,ahah
1459,2,aifą
1460,2,ainu
1461,2,aitz
1462,2,aiwa
1463,2,akla
1464,2,alao
1465,2,ale–
1466,2,amat
1467,2,amps
1468,2,anat
1469,2,anri
1470,2,appe
1471,2,aquą
1472,2,ar10
1473,2,araz
1474,2,arni
1475,2,aros
1476,2,arue
1477,2,avgr
1478,2,awdę
1479,2,axou
1480,2,ażem
1481,2,beru
1482,2,będz
1483,2,biam
1484,2,bipa
1485,2,biri
1486,2,blbl
1487,2,bldg
1488,2,błoń
1489,2,boar
1490,2,bock
1491,2,boek
1492,2,boge
1493,2,bomm
1494,2,bopa
1495,2,boum
1496,2,ból…
1497,2,buci
1498,2,bzem
1499,2,c961
1500,2,cału
1501,2,cans
1502,2,cchz
1503,2,cel”
1504,2,chło
1505,2,chud
1506,2,cial
1507,2,cica
1508,2,ciho
1509,2,cisz
1510,2,cmdr
1511,2,cnym
1512,2,coge
1513,2,cyje
1514,2,daií
1515,2,dair
1516,2,daka
1517,2,acht
1518,2,adan
1519,2,adăo
1520,2,adar
1521,2,adci
1522,2,ađýr
1523,2,adzi
1524,2,afip
1525,2,aîîn
1526,2,aiyo
1527,2,ajuż
1528,2,aloe
1529,2,ammo
1530,2,amy…
1531,2,anes
1532,2,aono
1533,2,arik
1534,2,asac
1535,2,asda
1536,2,aśkę
1537,2,attą
1538,2,axon
1539,2,ayad
1540,2,azeb
1541,2,azrę
1542,2,bad”
1543,2,baiu
1544,2,bany
1545,2,báro
1546,2,bąbę
1547,2,beks
1548,2,bezę
1549,2,biju
1550,2,bilą
1551,2,blax
1552,2,blod
1553,2,bomi
1554,2,bont
1555,2,boos
1556,2,bopu
1557,2,bouw
1558,2,bowa
1559,2,bula
1560,2,bunn
1561,2,burą
1562,2,byob
1563,2,canę
1564,2,cann
1565,2,cari
1566,2,carm
1567,2,casy
1568,2,caza
1569,2,ccco
1570,2,cebu
1571,2,ceią
1572,2,chak
1573,2,chiv
1574,2,chuk
1575,2,ciaz
1576,2,cimy
1577,2,cogí
1578,2,crud
1579,2,csii
1580,2,cuaí
1581,2,cuju
1582,2,cyja
1583,2,czeć
1584,2,daal
1585,2,aaa…
1586,2,affa
1587,2,aisi
1588,2,alew
1589,2,apsu
1590,2,avgo
1591,2,bagi
1592,2,bahu
1593,2,bans
1594,2,bece
1595,2,beci
1596,2,beom
1597,2,bhan
1598,2,bias
1599,2,bibb
1600,2,bice
1601,2,blaz
1602,2,bler
1603,2,bogg
1604,2,boią
1605,2,bolj
1606,2,bors
1607,2,boxy
1608,2,bozi
1609,2,brix
1610,2,broi
1611,2,budz
1612,2,burk
1613,2,capą
1614,2,cgis
1615,2,cheo
1616,2,chry
1617,2,cioś
1618,2,cipe
1619,2,clog
1620,2,cuję
1621,2,częs
1622,2,czin
1623,2,akon
1624,2,asom
1625,2,astr
1626,2,azry
1627,2,ątka
1628,2,béal
1629,2,bhad
1630,2,bica
1631,2,biwa
1632,2,brmc
1633,2,capu
1634,2,ceie
1635,2,clac
1636,2,acem
1637,2,acer
1638,2,albi
1639,2,ango
1640,2,appy
1641,2,avia
1642,2,axle
1643,2,bbdo
1644,2,beny
1645,2,bezu
1646,2,bibą
1647,2,bidę
1648,2,byłm
1649,2,capy
1650,2,ckrt
1651,2,coba
1652,2,ćmie
1653,2,açaí
1654,2,adny
1655,2,aged
1656,2,axes
1657,2,boda
1658,2,chdz
1659,2,cros
1660,2,apsa
1661,1,c12s
1662,1,chav
1663,1,bser
1664,1,byah
1665,1,bżoe
1666,1,cado
1667,1,cany
1668,1,chua
1669,1,czeu
1670,1,dałm
1671,1,auer
1672,1,brio
1673,1,bumu
1674,1,butu
1675,1,bycz
1676,1,caio
1677,1,cand
1678,1,cavo
1679,1,cavs
1680,1,cgce
1681,1,chch
1682,1,chu~
1683,1,ciśś
1684,1,colu
1685,1,conh
1686,1,crok
1687,1,czej
1688,1,czyb
1689,1,dafa
1690,1,bětu
1691,1,boło
1692,1,bugo
1693,1,bułą
1694,1,bułę
1695,1,bune
1696,1,burl
1697,1,busu
1698,1,butc
1699,1,buwy
1700,1,buzo
1701,1,byyć
1702,1,canz
1703,1,cavu
1704,1,ccoo
1705,1,cedo
1706,1,cees
1707,1,ceha
1708,1,chće
1709,1,chve
1710,1,cięi
1711,1,ciuś
1712,1,cl65
1713,1,clas
1714,1,clod
1715,1,cnie
1716,1,coja
1717,1,coly
1718,1,croy
1719,1,cvet
1720,1,cyco
1721,1,czyć
1722,1,ćmij
1723,1,dagi
1724,1,daĺ‚
1725,1,arja
1726,1,atmę
1727,1,awet
1728,1,béni
1729,1,będu
1730,1,bt38
1731,1,buei
1732,1,buko
1733,1,burj
1734,1,but…
1735,1,bute
1736,1,buyu
1737,1,buzy
1738,1,byas
1739,1,byćm
1740,1,bydź
1741,1,byłl
1742,1,bytą
1743,1,c130
1744,1,calš
1745,1,całm
1746,1,cam…
1747,1,camo
1748,1,camu
1749,1,cano
1750,1,časa
1751,1,catc
1752,1,cbzg
1753,1,cd20
1754,1,cead
1755,1,cefe
1756,1,ceia
1757,1,cerf
1758,1,chcć
1759,1,chcy
1760,1,cheb
1761,1,chey
1762,1,chom
1763,1,chse
1764,1,chtę
1765,1,ciam
1766,1,ciba
1767,1,ciga
1768,1,cili
1769,1,cilj
1770,1,ciom
1771,1,cisd
1772,1,cisu
1773,1,citu
1774,1,clab
1775,1,clif
1776,1,clio
1777,1,cn2o
1778,1,cnma
1779,1,cnof
1780,1,coje
1781,1,cooś
1782,1,cucą
1783,1,curb
1784,1,cyda
1785,1,cyki
1786,1,çýma
1787,1,cyrl
1788,1,czuę
1789,1,czyy
1790,1,ćakr
1791,1,dał…
1792,1,~~44
1793,1,aben
1794,1,afls
1795,1,albą
1796,1,arua
1797,1,asar
1798,1,atto
1799,1,auuł
1800,1,bawć
1801,1,bbbq
1802,1,blev
1803,1,błąt
1804,1,błem
1805,1,błok
1806,1,bufy
1807,1,bum…
1808,1,buni
1809,1,buth
1810,1,bygo
1811,1,c180
1812,1,caga
1813,1,cais
1814,1,cał±
1815,1,całš
1816,1,cams
1817,1,caoś
1818,1,ccaa
1819,1,cche
1820,1,cego
1821,1,čemu
1822,1,cevy
1823,1,cfel
1824,1,ch2x
1825,1,cheu
1826,1,chgr
1827,1,chit
1828,1,chlo
1829,1,chti
1830,1,chya
1831,1,ciec
1832,1,ciłe
1833,1,cina
1834,1,cisn
1835,1,cita
1836,1,clae
1837,1,clgs
1838,1,cliv
1839,1,clot
1840,1,cmam
1841,1,cnas
1842,1,cocę
1843,1,coho
1844,1,coię
1845,1,cojo
1846,1,coka
1847,1,cokę
1848,1,cooz
1849,1,corr
1850,1,cośm
1851,1,cotę
1852,1,crys
1853,1,cuál
1854,1,cudm
1855,1,curu
1856,1,cyry
1857,1,czne
1858,1,ćpuń
1859,1,dafi
1860,1,dage
1861,1,dajw
1862,1,aaau
1863,1,aďda
1864,1,adiz
1865,1,adse
1866,1,afec
1867,1,ähne
1868,1,ajat
1869,1,ámen
1870,1,ammi
1871,1,anuj
1872,1,apey
1873,1,arum
1874,1,atuś
1875,1,atvs
1876,1,bade
1877,1,bału
1878,1,bbc1
1879,1,bbym
1880,1,bech
1881,1,becy
1882,1,beed
1883,1,bevi
1884,1,bęka
1885,1,bibl
1886,1,bisc
1887,1,borf
1888,1,bouf
1889,1,brin
1890,1,brke
1891,1,bryl
1892,1,brzi
1893,1,brzy
1894,1,budt
1895,1,buin
1896,1,bulw
1897,1,buno
1898,1,byez
1899,1,byky
1900,1,byll
1901,1,bysy
1902,1,bzzt
1903,1,caej
1904,1,caer
1905,1,caff
1906,1,carz
1907,1,časi
1908,1,caux
1909,1,cayó
1910,1,ceme
1911,1,cenk
1912,1,cesa
1913,1,chaa
1914,1,chćę
1915,1,chel
1916,1,chik
1917,1,chiń
1918,1,choa
1919,1,chyi
1920,1,ciac
1921,1,cie…
1922,1,cięo
1923,1,ciko
1924,1,clcm
1925,1,clés
1926,1,clin
1927,1,cnay
1928,1,coci
1929,1,codd
1930,1,comm
1931,1,coos
1932,1,cowl
1933,1,cozy
1934,1,cpać
1935,1,cpap
1936,1,cren
1937,1,crni
1938,1,cudn
1939,1,cynę
1940,1,czce
1941,1,czes
1942,1,czje
1943,1,czko
1944,1,czon
1945,1,czty
1946,1,daä‡
1947,1,dadę
1948,1,dałe
1949,1,a2oo
1950,1,a537
1951,1,a539
1952,1,a572
1953,1,abem
1954,1,abuh
1955,1,abum
1956,1,acji
1957,1,acra
1958,1,acre
1959,1,adab
1960,1,adin
1961,1,adým
1962,1,aech
1963,1,agdy
1964,1,agee
1965,1,ajza
1966,1,akci
1967,1,aleć
1968,1,aler
1969,1,alet
1970,1,altu
1971,1,ałma
1972,1,aogi
1973,1,arak
1974,1,aran
1975,1,aras
1976,1,arco
1977,1,args
1978,1,artý
1979,1,athd
1980,1,atkę
1981,1,ator
1982,1,atwo
1983,1,auau
1984,1,aule
1985,1,awan
1986,1,ayaz
1987,1,ayda
1988,1,ayob
1989,1,azil
1990,1,ątym
1991,1,bają
1992,1,bamy
1993,1,bawo
1994,1,bądę
1995,1,bąku
1996,1,bbnu
1997,1,bbpo
1998,1,béli
1999,1,bemn
2000,1,bera
2001,1,biał
2002,1,bied
2003,1,bigy
2004,1,bioo
2005,1,bip”
2006,1,birx
2007,1,bisz
2008,1,boai
2009,1,bógj
2010,1,bryt
2011,1,budu
2012,1,bx41
2013,1,bych
2014,1,byes
2015,1,byke
2016,1,c520
2017,1,c8o2
2018,1,čaka
2019,1,casz
2020,1,cede
2021,1,cemu
2022,1,cest
2023,1,cesu
2024,1,cf10
2025,1,cfrb
2026,1,chle
2027,1,cias
2028,1,cięc
2029,1,cięń
2030,1,cils
2031,1,ciou
2032,1,clup
2033,1,cntr
2034,1,coel
2035,1,conr
2036,1,cosz
2037,1,cośc
2038,1,cpdf
2039,1,cucę
2040,1,cz6y
2041,1,ćmią
2042,1,daby
2043,1,¤www
2044,1,a’ka
2045,1,a127
2046,1,a234
2047,1,a300
2048,1,a580
2049,1,a801
2050,1,aa11
2051,1,acai
2052,1,aceh
2053,1,acou
2054,1,adhi
2055,1,adl4
2056,1,adom
2057,1,ahmm
2058,1,ahnu
2059,1,aiji
2060,1,ajah
2061,1,ajas
2062,1,akie
2063,1,akwa
2064,1,alax
2065,1,ałaa
2066,1,ałaj
2067,1,ałak
2068,1,amud
2069,1,andą
2070,1,anem
2071,1,anim
2072,1,aniż
2073,1,ann…
2074,1,anns
2075,1,annu
2076,1,apes
2077,1,arae
2078,1,aral
2079,1,arda
2080,1,área
2081,1,arną
2082,1,arrg
2083,1,aryą
2084,1,asso
2085,1,aśćk
2086,1,atac
2087,1,atco
2088,1,atki
2089,1,atra
2090,1,augh
2091,1,avtu
2092,1,awno
2093,1,aygi
2094,1,azar
2095,1,b157
2096,1,b528
2097,1,bacą
2098,1,bace
2099,1,badt
2100,1,badu
2101,1,baes
2102,1,bail
2103,1,bajó
2104,1,bańo
2105,1,bazo
2106,1,bąda
2107,1,bbrr
2108,1,bbyć
2109,1,beeb
2110,1,bigl
2111,1,biol
2112,1,bipi
2113,1,bira
2114,1,bizy
2115,1,blać
2116,1,blag
2117,1,blan
2118,1,blav
2119,1,blik
2120,1,bloc
2121,1,błag
2122,1,bobó
2123,1,bohm
2124,1,boll
2125,1,boye
2126,1,boyi
2127,1,bóla
2128,1,braz
2129,1,bruć
2130,1,bucy
2131,1,bude
2132,1,buss
2133,1,być—
2134,1,bygu
2135,1,byko
2136,1,bylu
2137,1,był”
2138,1,byoj
2139,1,býti
2140,1,bzie
2141,1,cail
2142,1,całk
2143,1,ceda
2144,1,cere
2145,1,cheh
2146,1,chei
2147,1,ciaa
2148,1,ciku
2149,1,čimi
2150,1,cino
2151,1,clow
2152,1,cluj
2153,1,codż
2154,1,coii
2155,1,coko
2156,1,con”
2157,1,coux
2158,1,cowa
2159,1,cune
2160,1,cuwa
2161,1,cuzy
2162,1,cymś
2163,1,cyto
2164,1,czak
2165,1,czan
2166,1,czee
2167,1,czój
2168,1,czyu
2169,1,ćwik
2170,1,daim
2171,1,a303
2172,1,a345
2173,1,a358
2174,1,a372
2175,1,a380
2176,1,a968
2177,1,a99a
2178,1,aaba
2179,1,abyć
2180,1,acet
2181,1,acgt
2182,1,achs
2183,1,acro
2184,1,acta
2185,1,adhp
2186,1,adim
2187,1,adkr
2188,1,afla
2189,1,agen
2190,1,agip
2191,1,agni
2192,1,ahil
2193,1,ahym
2194,1,ailk
2195,1,ajdź
2196,1,ajid
2197,1,ajig
2198,1,akal
2199,1,akkk
2200,1,akle
2201,1,akto
2202,1,alat
2203,1,aleg
2204,1,alfr
2205,1,alga
2206,1,alio
2207,1,alip
2208,1,alob
2209,1,alou
2210,1,alps
2211,1,alvi
2212,1,ammm
2213,1,amod
2214,1,amul
2215,1,ande
2216,1,ani…
2217,1,anji
2218,1,anla
2219,1,anzo
2220,1,apke
2221,1,appą
2222,1,aque
2223,1,araf
2224,1,arek
2225,1,aris
2226,1,arke
2227,1,arku
2228,1,arod
2229,1,arrr
2230,1,aryi
2231,1,asai
2232,1,asek
2233,1,aser
2234,1,asho
2235,1,asyż
2236,1,atai
2237,1,atay
2238,1,atbj
2239,1,atum
2240,1,atwę
2241,1,atym
2242,1,auci
2243,1,auri
2244,1,ausa
2245,1,auua
2246,1,avan
2247,1,avus
2248,1,awić
2249,1,ayin
2250,1,ayna
2251,1,aypa
2252,1,ayub
2253,1,azną
2254,1,azrą
2255,1,azua
2256,1,ątke
2257,1,badą
2258,1,bado
2259,1,bafi
2260,1,bate
2261,1,bcoś
2262,1,bdzp
2263,1,begu
2264,1,beso
2265,1,betą
2266,1,bevy
2267,1,bębę
2268,1,bffs
2269,1,bfj3
2270,1,bino
2271,1,bizi
2272,1,bliz
2273,1,bloß
2274,1,bmfg
2275,1,bogs
2276,1,böll
2277,1,bopr
2278,1,borą
2279,1,bord
2280,1,bozy
2281,1,bubs
2282,1,być’
2283,1,byot
2284,1,bzdu
2285,1,c6h6
2286,1,caja
2287,1,česa
2288,1,ciau
2289,1,čist
2290,1,coed
2291,1,coox
2292,1,coże
2293,1,cpac
2294,1,csad
2295,1,csmo
2296,1,csp7
2297,1,čssd
2298,1,csun
2299,1,culi
2300,1,cumo
2301,1,cusa
2302,1,czap
2303,1,częś
2304,1,czum
2305,1,czyw
2306,1,dalu
2307,1,a’lá
2308,1,a220
2309,1,a442
2310,1,a950
2311,1,aarg
2312,1,abad
2313,1,abbą
2314,1,abbę
2315,1,aboa
2316,1,abob
2317,1,abos
2318,1,acto
2319,1,açýk
2320,1,aday
2321,1,adte
2322,1,adve
2323,1,adyp
2324,1,aego
2325,1,agai
2326,1,aido
2327,1,aieś
2328,1,ailo
2329,1,airr
2330,1,aish
2331,1,aiso
2332,1,aite
2333,1,ajar
2334,1,akhę
2335,1,alci
2336,1,aley
2337,1,alie
2338,1,alms
2339,1,alom
2340,1,aloy
2341,1,amax
2342,1,amro
2343,1,and1
2344,1,aoke
2345,1,apia
2346,1,apsv
2347,1,arcu
2348,1,aree
2349,1,arla
2350,1,arly
2351,1,asco
2352,1,asip
2353,1,asla
2354,1,asni
2355,1,asno
2356,1,asou
2357,1,aśki
2358,1,atią
2359,1,aust
2360,1,avin
2361,1,avvi
2362,1,ayse
2363,1,azał
2364,1,azem
2365,1,aztr
2366,1,ażci
2367,1,ażmi
2368,1,baah
2369,1,babc
2370,1,badx
2371,1,badż
2372,1,baie
2373,1,bamą
2374,1,bami
2375,1,bauw
2376,1,bava
2377,1,beak
2378,1,begy
2379,1,beim
2380,1,bekk
2381,1,berl
2382,1,bez…
2383,1,bezn
2384,1,bębą
2385,1,bhat
2386,1,bida
2387,1,biil
2388,1,biłe
2389,1,biop
2390,1,biwu
2391,1,bla…
2392,1,blin
2393,1,bobs
2394,1,boce
2395,1,boho
2396,1,bonu
2397,1,bood
2398,1,bopp
2399,1,box’
2400,1,bólę
2401,1,brno
2402,1,brus
2403,1,byde
2404,1,bzii
2405,1,cpld
2406,1,cppp
2407,1,craw
2408,1,csi…
2409,1,cwgt
2410,1,cyne
2411,1,czem
2412,1,czsy
2413,1,daat
2414,1,dacs
2415,1,a628
2416,1,aah…
2417,1,abić
2418,1,açtý
2419,1,affi
2420,1,agog
2421,1,aham
2422,1,aige
2423,1,aino
2424,1,ajco
2425,1,akir
2426,1,akko
2427,1,ala’
2428,1,alaj
2429,1,aldą
2430,1,aldę
2431,1,allu
2432,1,alno
2433,1,alrm
2434,1,alým
2435,1,amca
2436,1,amda
2437,1,ampn
2438,1,anom
2439,1,aoko
2440,1,aola
2441,1,aoow
2442,1,apte
2443,1,aski
2444,1,asli
2445,1,asne
2446,1,asp2
2447,1,asus
2448,1,auła
2449,1,awry
2450,1,axim
2451,1,bakr
2452,1,baph
2453,1,barę
2454,1,basa
2455,1,bask
2456,1,bedt
2457,1,beil
2458,1,bery
2459,1,besh
2460,1,bhuą
2461,1,bhuę
2462,1,bich
2463,1,bido
2464,1,bids
2465,1,bidy
2466,1,biną
2467,1,biny
2468,1,bioe
2469,1,biwę
2470,1,bleb
2471,1,blya
2472,1,bnie
2473,1,boem
2474,1,boin
2475,1,bolę
2476,1,boup
2477,1,brel
2478,1,brsz
2479,1,cłom
2480,1,cość
2481,1,coué
2482,1,cóka
2483,1,cóżl
2484,1,cpun
2485,1,cral
2486,1,cudi
2487,1,cugu
2488,1,daam
2489,1,dam—
2490,1,a597
2491,1,aaaj
2492,1,abyż
2493,1,aczu
2494,1,aeor
2495,1,aftl
2496,1,ahao
2497,1,ahaś
2498,1,akwe
2499,1,alak
2500,1,alik
2501,1,allô
2502,1,ameb
2503,1,amsz
2504,1,anae
2505,1,anał
2506,1,ansi
2507,1,anta
2508,1,apom
2509,1,aqsa
2510,1,arko
2511,1,arok
2512,1,asze
2513,1,aure
2514,1,avoi
2515,1,axed
2516,1,ażja
2517,1,balo
2518,1,barć
2519,1,beju
2520,1,bers
2521,1,binn
2522,1,bitę
2523,1,bixa
2524,1,biya
2525,1,blem
2526,1,bleo
2527,1,bles
2528,1,bnei
2529,1,booz
2530,1,brąź
2531,1,broň
2532,1,bruh
2533,1,cęść
2534,1,córk
2535,1,cśur
2536,1,d334
2537,1,daał
2538,1,daku
2539,1,aege
2540,1,alil
2541,1,amed
2542,1,ano…
2543,1,apni
2544,1,aroo
2545,1,asmy
2546,1,astm
2547,1,avta
2548,1,azur
2549,1,berz
2550,1,biez
2551,1,blet
2552,1,bloo
2553,1,bolz
2554,1,brek
2555,1,brug
2556,1,cąga
2557,1,czys
2558,1,d100
2559,1,aete
2560,1,alin
2561,1,alix
2562,1,arba
2563,1,asmę
2564,1,avrę
2565,1,ątek
2566,1,bifa
2567,1,boel
2568,1,cömo
2569,1,cókę
2570,1,cóte
2571,1,aghr
2572,1,ber—
2573,1,błat
2574,1,cąłą
2575,1,cóką
2576,1,besa
